{
  "n_suppliers": 15,
  "label_dist": {
    "Low": 9,
    "Medium": 5,
    "High": 1
  },
  "baseline_review_acc": 0.7333333333333333,
  "experiments": [
    {
      "name": "[基準] 多數類 (全判 Low)",
      "accuracy": 0.6,
      "macro_f1": 0.25,
      "ordinal_mae": 0.4666666666666667,
      "adjacent_err": 5,
      "extreme_err": 1,
      "precision": [
        0.6,
        0.0,
        0.0
      ],
      "recall": [
        1.0,
        0.0,
        0.0
      ],
      "f1": [
        0.75,
        0.0,
        0.0
      ],
      "boot_acc_ci": [
        0.3333333333333333,
        0.8666666666666667
      ],
      "wilson_acc_ci": [
        0.357464427565077,
        0.8017577191740534
      ],
      "n_correct": 9
    },
    {
      "name": "[基準] Tier 查表 (t1→Low,t2→Low,t3→Med)",
      "accuracy": 0.7333333333333333,
      "macro_f1": 0.4523809523809524,
      "ordinal_mae": 0.26666666666666666,
      "adjacent_err": 4,
      "extreme_err": 0,
      "precision": [
        0.75,
        0.6666666666666666,
        0.0
      ],
      "recall": [
        1.0,
        0.4,
        0.0
      ],
      "f1": [
        0.8571428571428571,
        0.5,
        0.0
      ],
      "boot_acc_ci": [
        0.5333333333333333,
        0.9333333333333333
      ],
      "wilson_acc_ci": [
        0.48049110342313245,
        0.8910272389681717
      ],
      "n_correct": 11
    },
    {
      "name": "[基準] Tier 查表 (t1→Low,t2→Med,t3→Med)",
      "accuracy": 0.6666666666666666,
      "macro_f1": 0.4603174603174603,
      "ordinal_mae": 0.3333333333333333,
      "adjacent_err": 5,
      "extreme_err": 0,
      "precision": [
        1.0,
        0.5,
        0.0
      ],
      "recall": [
        0.5555555555555556,
        1.0,
        0.0
      ],
      "f1": [
        0.7142857142857143,
        0.6666666666666666,
        0.0
      ],
      "boot_acc_ci": [
        0.4,
        0.8666666666666667
      ],
      "wilson_acc_ci": [
        0.4171312515121298,
        0.8482389930530875
      ],
      "n_correct": 10
    },
    {
      "name": "LogReg Day-0 (tier,esg)",
      "accuracy": 0.6666666666666666,
      "macro_f1": 0.4444444444444444,
      "ordinal_mae": 0.3333333333333333,
      "adjacent_err": 5,
      "extreme_err": 0,
      "precision": [
        0.8888888888888888,
        0.5,
        0.0
      ],
      "recall": [
        0.8888888888888888,
        0.4,
        0.0
      ],
      "f1": [
        0.8888888888888888,
        0.4444444444444444,
        0.0
      ],
      "auc_ovr_macro": 0.4948148148148149,
      "log_loss": 3.083480039003487,
      "boot_acc_ci": [
        0.4,
        0.8666666666666667
      ],
      "boot_f1_ci": [
        0.2745098039215686,
        0.5897435897435898
      ],
      "wilson_acc_ci": [
        0.4171312515121298,
        0.8482389930530875
      ],
      "n_correct": 10
    },
    {
      "name": "LogReg Review (tier,esg,mav,single)",
      "accuracy": 0.6666666666666666,
      "macro_f1": 0.42884990253411304,
      "ordinal_mae": 0.3333333333333333,
      "adjacent_err": 5,
      "extreme_err": 0,
      "precision": [
        0.8,
        0.5,
        0.0
      ],
      "recall": [
        0.8888888888888888,
        0.4,
        0.0
      ],
      "f1": [
        0.8421052631578947,
        0.4444444444444444,
        0.0
      ],
      "auc_ovr_macro": 0.502962962962963,
      "log_loss": 2.9579741404023348,
      "boot_acc_ci": [
        0.4,
        0.8666666666666667
      ],
      "boot_f1_ci": [
        0.24603174603174602,
        0.5824561403508772
      ],
      "wilson_acc_ci": [
        0.4171312515121298,
        0.8482389930530875
      ],
      "n_correct": 10
    },
    {
      "name": "LogReg Review 無class_weight",
      "accuracy": 0.6,
      "macro_f1": 0.35000000000000003,
      "ordinal_mae": 0.4,
      "adjacent_err": 6,
      "extreme_err": 0,
      "precision": [
        0.7272727272727273,
        0.3333333333333333,
        0.0
      ],
      "recall": [
        0.8888888888888888,
        0.2,
        0.0
      ],
      "f1": [
        0.8,
        0.25,
        0.0
      ],
      "auc_ovr_macro": 0.542962962962963,
      "log_loss": 2.904948098301145,
      "boot_acc_ci": [
        0.3333333333333333,
        0.8666666666666667
      ],
      "boot_f1_ci": [
        0.20833333333333334,
        0.5079365079365079
      ],
      "wilson_acc_ci": [
        0.357464427565077,
        0.8017577191740534
      ],
      "n_correct": 9
    },
    {
      "name": "Ordinal(Frank-Hall) Review",
      "accuracy": 0.6666666666666666,
      "macro_f1": 0.42884990253411304,
      "ordinal_mae": 0.3333333333333333,
      "adjacent_err": 5,
      "extreme_err": 0,
      "precision": [
        0.8,
        0.5,
        0.0
      ],
      "recall": [
        0.8888888888888888,
        0.4,
        0.0
      ],
      "f1": [
        0.8421052631578947,
        0.4444444444444444,
        0.0
      ],
      "auc_ovr_macro": 0.5224691358024692,
      "log_loss": 1.9467591743347825,
      "boot_acc_ci": [
        0.4,
        0.8666666666666667
      ],
      "boot_f1_ci": [
        0.25396825396825395,
        0.5833333333333334
      ],
      "wilson_acc_ci": [
        0.4171312515121298,
        0.8482389930530875
      ],
      "n_correct": 10
    },
    {
      "name": "Ordinal(Frank-Hall) Day-0",
      "accuracy": 0.6,
      "macro_f1": 0.3,
      "ordinal_mae": 0.4,
      "adjacent_err": 6,
      "extreme_err": 0,
      "precision": [
        0.8181818181818182,
        0.0,
        0.0
      ],
      "recall": [
        1.0,
        0.0,
        0.0
      ],
      "f1": [
        0.9,
        0.0,
        0.0
      ],
      "auc_ovr_macro": 0.44864197530864197,
      "log_loss": 2.2597208906187354,
      "boot_acc_ci": [
        0.3333333333333333,
        0.8666666666666667
      ],
      "boot_f1_ci": [
        0.2380952380952381,
        0.3333333333333333
      ],
      "wilson_acc_ci": [
        0.357464427565077,
        0.8017577191740534
      ],
      "n_correct": 9
    },
    {
      "name": "LogReg Review + 非線性(esg^2,esg*tier)",
      "accuracy": 0.6666666666666666,
      "macro_f1": 0.42884990253411304,
      "ordinal_mae": 0.3333333333333333,
      "adjacent_err": 5,
      "extreme_err": 0,
      "precision": [
        0.8,
        0.5,
        0.0
      ],
      "recall": [
        0.8888888888888888,
        0.4,
        0.0
      ],
      "f1": [
        0.8421052631578947,
        0.4444444444444444,
        0.0
      ],
      "auc_ovr_macro": 0.5091358024691358,
      "log_loss": 2.9746195638980946,
      "boot_acc_ci": [
        0.4,
        0.8666666666666667
      ],
      "wilson_acc_ci": [
        0.4171312515121298,
        0.8482389930530875
      ],
      "n_correct": 10
    }
  ],
  "knn_loso_acc": 0.5333333333333333,
  "optimistic_ceiling": 0.8,
  "structural_high_error": 1,
  "inseparable_tier2_medium": [
    "SUP-003",
    "SUP-009"
  ],
  "permutation_pvalue": 0.0375,
  "wilson": {
    "11/15": [
      0.48049110342313245,
      0.8910272389681717
    ],
    "12/15": [
      0.5481406466534955,
      0.9295257935638959
    ]
  }
}